{"stats":{"minecraft:killed":{"minecraft:creeper":1},"minecraft:picked_up":{"create:propeller":1,"minecraft:oak_log":13,"minecraft:spruce_log":1,"minecraft:gunpowder":2,"minecraft:redstone":3,"alexsmobs:animal_dictionary":1,"minecraft:rotten_flesh":3,"minecraft:wheat_seeds":1,"minecraft:netherite_sword":1,"minecraft:stone_pickaxe":1,"minecraft:oak_sapling":1,"minecraft:coal":1,"minecraft:snowball":16},"minecraft:dropped":{"create:propeller":1,"alexsmobs:animal_dictionary":1,"minecraft:snowball":41,"minecraft:stone_pickaxe":1,"waystones:waystone":3},"minecraft:used":{"waystones:waystone":2,"minecraft:water_bucket":2,"sophisticatedbackpacks:backpack":2,"minecraft:command_block":2,"minecraft:spruce_wood":78,"waystones:cyan_sharestone":1,"minecraft:netherite_axe":2,"minecraft:oak_sign":2,"minecraft:jungle_pressure_plate":2,"elevatorid:elevator_light_blue":1,"create:large_water_wheel":5,"elevatorid:elevator_white":4,"minecraft:dirt":4,"minecraft:sand":1,"create:flywheel":1,"minecraft:cherry_pressure_plate":1,"minecraft:jungle_slab":7,"alexsmobs:animal_dictionary":1,"waystones:white_sharestone":3,"minecraft:gray_wool":1,"minecraft:snowball":7},"minecraft:custom":{"minecraft:time_since_rest":99712,"minecraft:waystone_activated":4,"minecraft:interact_with_furnace":1,"minecraft:damage_taken":490,"minecraft:sprint_one_cm":61819,"minecraft:walk_one_cm":126325,"minecraft:mob_kills":1,"minecraft:drop":9,"minecraft:damage_dealt":300,"minecraft:fly_one_cm":520878,"minecraft:crouch_one_cm":4090,"minecraft:play_time":155891,"minecraft:deaths":2,"minecraft:sneak_time":3728,"minecraft:walk_under_water_one_cm":157,"minecraft:jump":884,"minecraft:leave_game":11,"minecraft:time_since_death":99681,"minecraft:walk_on_water_one_cm":724,"minecraft:total_world_time":155891,"minecraft:fall_one_cm":5817}},"DataVersion":3465}