{"stats":{"minecraft:custom":{"minecraft:jump":26,"minecraft:time_since_rest":3066,"minecraft:crouch_one_cm":155,"minecraft:leave_game":2,"minecraft:play_time":3066,"minecraft:sprint_one_cm":1773,"minecraft:walk_on_water_one_cm":96,"minecraft:time_since_death":3066,"minecraft:walk_one_cm":2789,"minecraft:sneak_time":47,"minecraft:total_world_time":3066,"minecraft:walk_under_water_one_cm":1715,"minecraft:drop":1,"minecraft:fly_one_cm":6230},"minecraft:dropped":{"minecraft:sand":1}},"DataVersion":3465}