{"stats":{"minecraft:picked_up":{"minecraft:birch_log":20,"minecraft:iron_chestplate":1,"minecraft:crafting_table":7,"minecraft:feather":2,"minecraft:cooked_beef":2,"minecraft:chicken":1,"minecraft:leather":1,"minecraft:wooden_pickaxe":3,"minecraft:birch_planks":4,"minecraft:tuff":7,"create:raw_zinc":14,"minecraft:oak_log":179,"minecraft:shield":1,"minecraft:gunpowder":1,"minecraft:cobblestone_stairs":66,"minecraft:lapis_lazuli":51,"minecraft:string":3,"minecraft:dirt":21,"minecraft:raw_copper":90,"minecraft:wooden_sword":1,"minecraft:cooked_mutton":2,"minecraft:bone":7,"minecraft:blackstone":64,"minecraft:oak_sign":1,"minecraft:apple":2,"minecraft:bow":1,"minecraft:wheat_seeds":2,"minecraft:cobbled_deepslate":4,"minecraft:raw_gold":2,"minecraft:beef":7,"minecraft:stone_pickaxe":2,"minecraft:oak_boat":1,"minecraft:iron_pickaxe":1,"minecraft:moss_block":1,"minecraft:birch_sapling":1,"minecraft:oak_planks":15,"minecraft:furnace":6,"minecraft:stick":11,"minecraft:raw_iron":66,"minecraft:smooth_basalt":5,"minecraft:cooked_porkchop":6,"minecraft:sweet_berries":44,"minecraft:torch":16,"minecraft:dripstone_block":2,"minecraft:gravel":5,"minecraft:porkchop":18,"minecraft:pointed_dripstone":1,"minecraft:redstone":10,"minecraft:arrow":4,"minecraft:rotten_flesh":14,"minecraft:diamond":25,"minecraft:oak_sapling":121,"minecraft:mutton":2,"minecraft:coal":131,"minecraft:white_wool":2,"minecraft:cobblestone":166,"minecraft:ender_pearl":1},"minecraft:crafted":{"minecraft:cooked_beef":5,"minecraft:oak_planks":216,"minecraft:stone_shovel":1,"minecraft:cooked_porkchop":6,"minecraft:crafting_table":1,"minecraft:cooked_chicken":1,"minecraft:iron_helmet":1,"minecraft:wooden_pickaxe":1,"minecraft:iron_sword":1,"minecraft:furnace":3,"minecraft:bucket":1,"minecraft:stone_axe":1,"minecraft:air":0,"minecraft:oak_boat":1,"minecraft:iron_boots":1,"minecraft:iron_chestplate":1,"minecraft:shield":1,"minecraft:iron_axe":1,"minecraft:stick":12,"minecraft:iron_ingot":66,"minecraft:iron_pickaxe":1,"minecraft:stone_pickaxe":1,"minecraft:stone_sword":1,"minecraft:iron_leggings":1,"minecraft:torch":4},"minecraft:mined":{"create:deepslate_zinc_ore":14,"minecraft:blackstone":72,"minecraft:deepslate_diamond_ore":25,"minecraft:crafting_table":5,"minecraft:torch":9,"minecraft:grass_block":1,"minecraft:copper_ore":28,"minecraft:tall_grass":1,"minecraft:cobblestone":17,"minecraft:deepslate_coal_ore":6,"minecraft:deepslate_gold_ore":1,"minecraft:lapis_ore":7,"minecraft:oak_planks":15,"minecraft:wall_torch":6,"minecraft:magma_block":3,"minecraft:redstone_ore":2,"minecraft:furnace":6,"minecraft:iron_ore":64,"minecraft:sweet_berry_bush":21,"minecraft:grass":2,"minecraft:pointed_dripstone":1,"minecraft:coal_ore":36,"minecraft:oak_log":5,"minecraft:deepslate_iron_ore":2,"minecraft:gravel":2,"minecraft:smooth_basalt":5,"minecraft:stone":56,"minecraft:gold_ore":1},"minecraft:dropped":{"minecraft:gravel":5,"minecraft:stone_axe":1,"minecraft:stone_sword":1,"minecraft:raw_copper":26,"minecraft:birch_sapling":1,"minecraft:dripstone_block":2,"minecraft:rotten_flesh":8,"minecraft:cobblestone":11,"minecraft:oak_sapling":57,"minecraft:wooden_pickaxe":1},"minecraft:custom":{"minecraft:interact_with_furnace":32,"minecraft:mob_kills":30,"minecraft:interact_with_crafting_table":14,"minecraft:leave_game":5,"minecraft:time_since_death":45468,"minecraft:time_since_rest":45468,"minecraft:sprint_one_cm":147340,"minecraft:damage_taken":629,"minecraft:walk_one_cm":85956,"minecraft:damage_blocked_by_shield":380,"minecraft:drop":11,"minecraft:damage_dealt":4375,"minecraft:swim_one_cm":8267,"minecraft:fly_one_cm":143837,"minecraft:open_chest":8,"minecraft:crouch_one_cm":11053,"minecraft:play_time":45468,"minecraft:sneak_time":4934,"minecraft:walk_under_water_one_cm":1323,"minecraft:jump":939,"minecraft:walk_on_water_one_cm":2191,"minecraft:total_world_time":45468,"minecraft:fall_one_cm":28273},"minecraft:killed":{"minecraft:pig":7,"alexsmobs:skunk":1,"alexsmobs:tasmanian_devil":2,"minecraft:creeper":1,"minecraft:skeleton":2,"minecraft:sheep":2,"alexsmobs:blue_jay":1,"minecraft:zombie":8,"minecraft:chicken":1,"minecraft:enderman":1,"minecraft:cow":3},"minecraft:broken":{"minecraft:stone_pickaxe":1},"minecraft:used":{"minecraft:water_bucket":14,"minecraft:stone_sword":42,"minecraft:stone_pickaxe":155,"minecraft:oak_planks":33,"minecraft:shield":10,"minecraft:wooden_pickaxe":14,"minecraft:iron_sword":3,"minecraft:rotten_flesh":6,"minecraft:iron_chestplate":1,"minecraft:torch":16,"minecraft:crafting_table":5,"minecraft:iron_axe":12,"minecraft:iron_pickaxe":203,"minecraft:iron_boots":1,"minecraft:stone_axe":30,"minecraft:cobblestone":3,"minecraft:sweet_berries":10,"minecraft:furnace":6,"minecraft:bucket":15,"minecraft:oak_boat":1,"alexsmobs:animal_dictionary":1,"minecraft:cooked_beef":7,"minecraft:pointed_dripstone":1}},"DataVersion":3465}