{"stats":{"minecraft:crafted":{"minecraft:oak_planks":872,"minecraft:crafting_table":3,"minecraft:cooked_chicken":3,"minecraft:wooden_pickaxe":1,"minecraft:furnace":2,"minecraft:bucket":1,"minecraft:birch_planks":68,"minecraft:stone_axe":2,"minecraft:cooked_mutton":2,"minecraft:air":0,"minecraft:iron_chestplate":2,"minecraft:shield":2,"minecraft:stick":16,"minecraft:iron_ingot":11,"minecraft:iron_pickaxe":1,"minecraft:stone_pickaxe":3,"minecraft:wooden_axe":2,"minecraft:stone_sword":2,"minecraft:torch":4},"minecraft:killed":{"minecraft:pig":4,"minecraft:spider":2,"minecraft:sheep":1,"minecraft:skeleton":3,"minecraft:zombie":6,"minecraft:chicken":3},"minecraft:picked_up":{"minecraft:birch_log":22,"minecraft:crafting_table":4,"minecraft:feather":3,"minecraft:chicken":3,"minecraft:andesite":1,"minecraft:brown_wool":1,"minecraft:wooden_pickaxe":2,"minecraft:birch_planks":48,"create:raw_zinc":3,"minecraft:oak_log":238,"minecraft:dirt":59,"minecraft:string":2,"minecraft:bone":4,"minecraft:apple":5,"minecraft:cobbled_deepslate":3,"minecraft:iron_ingot":15,"minecraft:stone_pickaxe":1,"minecraft:birch_sapling":9,"minecraft:oak_planks":260,"minecraft:furnace":1,"minecraft:stick":40,"minecraft:raw_iron":41,"minecraft:gravel":1,"minecraft:porkchop":4,"minecraft:spider_eye":1,"minecraft:stone_sword":3,"minecraft:arrow":1,"minecraft:rotten_flesh":13,"minecraft:stone_axe":1,"minecraft:oak_sapling":96,"minecraft:mutton":2,"minecraft:coal":94,"minecraft:snowball":40,"minecraft:white_wool":1,"minecraft:cobblestone":69},"minecraft:broken":{"minecraft:stone_pickaxe":1,"minecraft:stone_axe":1},"minecraft:dropped":{"minecraft:stone_sword":1,"minecraft:rotten_flesh":3,"minecraft:shield":1,"minecraft:iron_chestplate":1,"minecraft:brown_wool":1,"minecraft:oak_sapling":19,"minecraft:spider_eye":1,"minecraft:string":2},"minecraft:used":{"minecraft:cooked_mutton":2,"minecraft:water_bucket":1,"minecraft:stone_sword":50,"minecraft:stone_pickaxe":187,"minecraft:oak_planks":9,"minecraft:shield":3,"minecraft:wooden_pickaxe":15,"minecraft:cooked_chicken":1,"minecraft:rotten_flesh":7,"minecraft:iron_chestplate":1,"minecraft:torch":1,"minecraft:dirt":13,"minecraft:crafting_table":6,"minecraft:wooden_axe":3,"minecraft:apple":3,"minecraft:birch_sapling":3,"minecraft:iron_pickaxe":3,"minecraft:stone_axe":11,"minecraft:furnace":3,"minecraft:bucket":3},"minecraft:custom":{"minecraft:interact_with_furnace":27,"minecraft:mob_kills":21,"minecraft:interact_with_crafting_table":17,"minecraft:leave_game":1,"minecraft:time_since_death":42321,"minecraft:time_since_rest":42349,"minecraft:sprint_one_cm":152913,"minecraft:damage_taken":773,"minecraft:walk_one_cm":214201,"minecraft:damage_blocked_by_shield":230,"minecraft:drop":10,"minecraft:damage_dealt":3026,"minecraft:fly_one_cm":99460,"minecraft:open_chest":4,"minecraft:crouch_one_cm":6912,"minecraft:play_time":56679,"minecraft:deaths":2,"minecraft:sneak_time":2422,"minecraft:walk_under_water_one_cm":256,"minecraft:jump":880,"minecraft:walk_on_water_one_cm":546,"minecraft:total_world_time":56679,"minecraft:fall_one_cm":16143},"minecraft:killed_by":{"minecraft:skeleton":1,"minecraft:creeper":1},"minecraft:mined":{"create:zinc_ore":3,"minecraft:oak_sapling":5,"minecraft:crafting_table":4,"minecraft:grass_block":2,"minecraft:cobblestone":44,"minecraft:furnace":1,"minecraft:iron_ore":41,"minecraft:cobbled_deepslate":2,"minecraft:andesite":1,"minecraft:grass":2,"minecraft:oak_log":8,"minecraft:coal_ore":94,"minecraft:deepslate_iron_ore":1,"minecraft:gravel":1,"minecraft:dirt":2,"minecraft:stone":11,"minecraft:oak_leaves":3}},"DataVersion":3465}