{"stats":{"minecraft:crafted":{"minecraft:wooden_sword":1,"minecraft:oak_planks":24,"minecraft:iron_axe":1,"minecraft:stick":8,"minecraft:stone_pickaxe":1,"minecraft:wooden_pickaxe":1,"minecraft:iron_ingot":11,"minecraft:cooked_chicken":2,"minecraft:iron_pickaxe":1,"minecraft:wooden_axe":1,"minecraft:stone_sword":2,"minecraft:torch":8,"minecraft:stone_axe":2},"minecraft:killed":{"minecraft:sheep":4,"minecraft:zombie":1,"minecraft:chicken":2,"alexsmobs:crow":1},"minecraft:broken":{"minecraft:stone_pickaxe":2},"minecraft:picked_up":{"minecraft:wooden_axe":1,"minecraft:stick":23,"minecraft:raw_iron":14,"minecraft:feather":2,"minecraft:chicken":2,"minecraft:tuff":6,"minecraft:oak_log":102,"minecraft:wooden_sword":1,"minecraft:dirt":2,"alexsmobs:animal_dictionary":2,"minecraft:stone_sword":3,"minecraft:apple":1,"minecraft:cobbled_deepslate":12,"minecraft:stone_pickaxe":1,"minecraft:oak_sapling":16,"minecraft:mutton":12,"minecraft:oak_planks":12,"minecraft:coal":17,"minecraft:white_wool":8,"minecraft:cobblestone":369},"minecraft:dropped":{"minecraft:stone_sword":2},"minecraft:used":{"minecraft:wooden_axe":1,"minecraft:stone_sword":18,"minecraft:apple":4,"minecraft:stone_pickaxe":262,"minecraft:wooden_pickaxe":27,"minecraft:cooked_chicken":2,"minecraft:torch":1,"minecraft:stone_axe":2,"minecraft:wooden_sword":15,"minecraft:cobblestone":30,"minecraft:oak_sapling":4,"minecraft:carrot":1,"alexsmobs:animal_dictionary":1},"minecraft:custom":{"minecraft:time_since_rest":426,"minecraft:damage_taken":710,"minecraft:interact_with_furnace":9,"minecraft:sprint_one_cm":96977,"minecraft:walk_one_cm":135163,"minecraft:mob_kills":8,"minecraft:drop":2,"minecraft:damage_dealt":808,"minecraft:interact_with_crafting_table":10,"minecraft:fly_one_cm":55190,"minecraft:open_chest":3,"minecraft:crouch_one_cm":3248,"minecraft:play_time":59409,"minecraft:deaths":2,"minecraft:sneak_time":1469,"minecraft:jump":674,"minecraft:leave_game":9,"minecraft:time_since_death":0,"minecraft:total_world_time":59409,"minecraft:fall_one_cm":7937},"minecraft:killed_by":{"minecraft:zombie":2},"minecraft:mined":{"minecraft:tuff":3,"minecraft:oak_sapling":3,"minecraft:iron_ore":14,"minecraft:cobbled_deepslate":6,"minecraft:powder_snow":5,"minecraft:torch":1,"minecraft:grass":3,"minecraft:allium":1,"minecraft:grass_block":1,"minecraft:oak_log":7,"minecraft:coal_ore":16,"minecraft:cobblestone":234,"minecraft:deepslate_coal_ore":1,"minecraft:stone":3}},"DataVersion":3465}