{"stats":{"minecraft:mined":{"minecraft:grass":1,"minecraft:powder_snow":9},"minecraft:custom":{"minecraft:jump":43,"minecraft:time_since_rest":2752,"minecraft:leave_game":1,"minecraft:damage_taken":30,"minecraft:sprint_one_cm":6820,"minecraft:play_time":2752,"minecraft:walk_on_water_one_cm":753,"minecraft:time_since_death":2752,"minecraft:walk_one_cm":5505,"minecraft:sneak_time":10,"minecraft:total_world_time":2752,"minecraft:walk_under_water_one_cm":3907,"minecraft:swim_one_cm":3938,"minecraft:fly_one_cm":14998}},"DataVersion":3465}