{"stats":{"minecraft:picked_up":{"alexsmobs:animal_dictionary":1},"minecraft:used":{"alexsmobs:animal_dictionary":1,"minecraft:fox_spawn_egg":1},"minecraft:custom":{"minecraft:jump":24,"minecraft:time_since_rest":2090,"minecraft:leave_game":1,"minecraft:sprint_one_cm":3054,"minecraft:play_time":2090,"minecraft:damage_taken":50,"minecraft:time_since_death":2090,"minecraft:walk_one_cm":8968,"minecraft:total_world_time":2090,"minecraft:drop":1,"minecraft:fall_one_cm":756,"minecraft:fly_one_cm":2693},"minecraft:dropped":{"alexsmobs:animal_dictionary":1}},"DataVersion":3465}