{"stats":{"minecraft:crafted":{"minecraft:oak_planks":4,"minecraft:cooked_porkchop":2,"minecraft:crafting_table":1,"minecraft:wooden_pickaxe":1,"minecraft:iron_sword":1,"minecraft:birch_planks":8,"minecraft:shield":1,"minecraft:stick":8,"minecraft:iron_ingot":14,"minecraft:iron_pickaxe":1,"minecraft:stone_pickaxe":2},"minecraft:killed":{"minecraft:witch":1,"alexsmobs:raccoon":1,"minecraft:spider":1,"minecraft:skeleton":1,"alexsmobs:cockroach":5,"minecraft:zombie":1,"alexsmobs:fly":4},"minecraft:picked_up":{"minecraft:birch_log":22,"minecraft:crafting_table":3,"minecraft:iron_chestplate":2,"alexsmobs:maraca":3,"minecraft:allium":1,"minecraft:wooden_pickaxe":3,"minecraft:birch_planks":4,"minecraft:tuff":15,"minecraft:oak_log":152,"create:propeller":3,"minecraft:shield":1,"minecraft:cobblestone_stairs":66,"minecraft:dirt":20,"minecraft:string":6,"minecraft:wooden_sword":1,"minecraft:bone":5,"minecraft:oak_sign":4,"minecraft:acacia_planks":4,"minecraft:apple":2,"minecraft:bow":2,"minecraft:wheat_seeds":4,"minecraft:cobbled_deepslate":4,"alexsmobs:cockroach_wing_fragment":5,"minecraft:netherite_sword":2,"minecraft:spruce_wood":1,"minecraft:stone_pickaxe":4,"create:goggles":1,"minecraft:iron_pickaxe":2,"minecraft:moss_block":1,"minecraft:oak_planks":31,"minecraft:iron_sword":1,"minecraft:raw_iron":7,"minecraft:stick":46,"create:large_water_wheel":2,"minecraft:torch":69,"minecraft:porkchop":3,"minecraft:spruce_log":2,"minecraft:grass_block":4,"minecraft:redstone":3,"alexsmobs:animal_dictionary":2,"minecraft:rotten_flesh":7,"minecraft:stone_axe":1,"waystones:waystone":4,"alexsmobs:maggot":8,"minecraft:oak_sapling":124,"minecraft:coal":61,"minecraft:snowball":16,"minecraft:cobblestone":78},"minecraft:dropped":{"minecraft:iron_sword":1,"alexsmobs:maggot":1,"minecraft:porkchop":2,"alexsmobs:animal_dictionary":1,"minecraft:raw_iron":3,"minecraft:rotten_flesh":2,"minecraft:apple":1,"minecraft:grass_block":2,"minecraft:torch":32,"minecraft:stone_pickaxe":1,"minecraft:iron_pickaxe":1,"minecraft:string":1},"minecraft:used":{"minecraft:netherite_sword":33,"minecraft:stone_pickaxe":5,"minecraft:oak_sign":2,"minecraft:wooden_pickaxe":9,"minecraft:iron_sword":31,"alexsmobs:spawn_egg_cockroach":2,"minecraft:rotten_flesh":3,"alexsmobs:maraca":30,"minecraft:crafting_table":1,"minecraft:tuff":1,"minecraft:spruce_log":6,"minecraft:oak_log":4,"waystones:waystone":2,"alexsmobs:maggot":5,"create:warped_window":1,"minecraft:apple":1,"minecraft:spruce_wood":1,"minecraft:grass_block":7,"minecraft:iron_pickaxe":1,"minecraft:stone_axe":1,"minecraft:cooked_porkchop":2,"alexsmobs:animal_dictionary":5,"minecraft:trapped_chest":1},"minecraft:custom":{"minecraft:interact_with_furnace":21,"minecraft:mob_kills":14,"minecraft:interact_with_crafting_table":8,"minecraft:leave_game":3,"minecraft:time_since_death":819,"minecraft:time_since_rest":872,"minecraft:waystone_activated":4,"minecraft:sprint_one_cm":77354,"minecraft:damage_taken":1983,"minecraft:walk_one_cm":383423,"minecraft:trigger_trapped_chest":2,"minecraft:drop":17,"minecraft:damage_dealt":1786,"minecraft:fly_one_cm":134680,"minecraft:open_chest":10,"minecraft:crouch_one_cm":1004,"minecraft:play_time":129404,"minecraft:deaths":6,"minecraft:sneak_time":667,"minecraft:walk_under_water_one_cm":6185,"minecraft:jump":1036,"minecraft:walk_on_water_one_cm":3082,"minecraft:total_world_time":129404,"minecraft:fall_one_cm":16814},"minecraft:killed_by":{"minecraft:creeper":1,"minecraft:witch":1,"minecraft:zombie":1},"minecraft:mined":{"minecraft:tuff":6,"minecraft:oak_sapling":1,"minecraft:powder_snow":1,"minecraft:crafting_table":1,"minecraft:tall_grass":5,"minecraft:cobblestone":1,"minecraft:deepslate_coal_ore":1,"minecraft:birch_log":2,"minecraft:grass":1,"minecraft:oak_log":1,"minecraft:oak_sign":2,"minecraft:deepslate_iron_ore":4,"minecraft:oak_leaves":1}},"DataVersion":3465}