{"stats":{"minecraft:crafted":{"minecraft:wooden_sword":1,"minecraft:oak_planks":184,"minecraft:crafting_table":2,"minecraft:wooden_pickaxe":2,"minecraft:furnace":2,"minecraft:stone":3,"minecraft:stone_axe":1,"minecraft:air":0,"minecraft:iron_axe":1,"minecraft:stick":40,"minecraft:iron_ingot":12,"minecraft:iron_pickaxe":1,"minecraft:stone_pickaxe":3,"minecraft:wooden_axe":2,"minecraft:stone_sword":1,"minecraft:chest":3,"minecraft:stonecutter":1,"minecraft:torch":84},"minecraft:killed":{"minecraft:spider":2,"minecraft:skeleton":2,"minecraft:zombie":4},"minecraft:broken":{"minecraft:stone_pickaxe":1,"minecraft:iron_pickaxe":1,"minecraft:wooden_axe":1},"minecraft:picked_up":{"minecraft:wooden_axe":1,"minecraft:birch_log":11,"minecraft:crafting_table":1,"minecraft:allium":19,"minecraft:azure_bluet":17,"minecraft:tuff":19,"minecraft:oak_log":113,"minecraft:cobblestone_stairs":8,"minecraft:dirt":45,"minecraft:string":1,"minecraft:bone":4,"minecraft:acacia_planks":4,"minecraft:oak_sign":1,"minecraft:apple":6,"minecraft:stonecutter":1,"minecraft:wheat_seeds":1,"minecraft:cobbled_deepslate":9,"minecraft:stone_pickaxe":1,"minecraft:iron_ingot":16,"create:goggles":2,"minecraft:poppy":25,"minecraft:moss_block":1,"minecraft:chest":1,"minecraft:iron_sword":1,"minecraft:oak_planks":64,"minecraft:furnace":1,"minecraft:stick":58,"minecraft:raw_iron":14,"minecraft:torch":37,"minecraft:dandelion":21,"minecraft:dripstone_block":7,"minecraft:carrot":1,"minecraft:arrow":1,"minecraft:rotten_flesh":6,"minecraft:stone_axe":1,"minecraft:oak_sapling":99,"minecraft:coal":123,"minecraft:snowball":42,"minecraft:cobblestone":311},"minecraft:dropped":{"minecraft:iron_ingot":6,"minecraft:rotten_flesh":3,"minecraft:apple":1,"minecraft:stick":2,"minecraft:allium":1,"minecraft:oak_sapling":8,"create:goggles":1},"minecraft:used":{"minecraft:cobblestone_stairs":134,"minecraft:stone_pickaxe":215,"minecraft:poppy":15,"minecraft:oak_sign":1,"minecraft:chest":4,"minecraft:wooden_pickaxe":4,"minecraft:stonecutter":2,"minecraft:torch":43,"minecraft:dirt":14,"minecraft:crafting_table":3,"minecraft:allium":13,"minecraft:tuff":9,"minecraft:snowball":40,"minecraft:wooden_axe":5,"minecraft:apple":1,"minecraft:iron_axe":11,"minecraft:iron_pickaxe":250,"minecraft:stone_axe":13,"minecraft:cobblestone":18,"minecraft:oak_sapling":3,"minecraft:furnace":3},"minecraft:custom":{"minecraft:interact_with_furnace":28,"minecraft:mob_kills":9,"minecraft:animals_bred":2,"minecraft:interact_with_crafting_table":18,"minecraft:interact_with_stonecutter":3,"minecraft:leave_game":4,"minecraft:time_since_death":63197,"minecraft:time_since_rest":63239,"minecraft:waystone_activated":2,"minecraft:sprint_one_cm":79236,"minecraft:damage_taken":709,"minecraft:walk_one_cm":381003,"minecraft:drop":18,"minecraft:damage_dealt":1303,"minecraft:fly_one_cm":165938,"minecraft:open_chest":55,"minecraft:crouch_one_cm":9259,"minecraft:play_time":102964,"minecraft:deaths":2,"minecraft:sneak_time":3361,"minecraft:jump":1049,"minecraft:total_world_time":102964,"minecraft:fall_one_cm":17975},"minecraft:killed_by":{"alexsmobs:raccoon":1},"minecraft:mined":{"minecraft:tuff":19,"minecraft:oak_sapling":3,"minecraft:cobblestone_stairs":8,"minecraft:dandelion":11,"minecraft:powder_snow":2,"minecraft:crafting_table":1,"minecraft:torch":1,"minecraft:allium":17,"minecraft:grass_block":14,"minecraft:poppy":21,"minecraft:cobblestone":157,"minecraft:deepslate_coal_ore":35,"minecraft:moss_block":1,"minecraft:furnace":1,"minecraft:iron_ore":11,"minecraft:cobbled_deepslate":9,"minecraft:azure_bluet":10,"minecraft:grass":2,"minecraft:oak_log":6,"minecraft:coal_ore":52,"minecraft:deepslate_iron_ore":4,"minecraft:dripstone_block":9,"minecraft:dirt":2,"minecraft:stonecutter":1,"minecraft:stone":162}},"DataVersion":3465}