{"stats":{"minecraft:crafted":{"minecraft:oak_planks":60,"minecraft:crafting_table":1,"minecraft:iron_helmet":1,"minecraft:wooden_pickaxe":1,"minecraft:furnace":1,"minecraft:bucket":1,"minecraft:stone_axe":1,"minecraft:air":0,"minecraft:jungle_planks":288,"minecraft:iron_boots":1,"minecraft:iron_chestplate":1,"minecraft:shield":1,"minecraft:stick":4,"minecraft:iron_ingot":33,"minecraft:iron_pickaxe":1,"minecraft:stone_pickaxe":1,"minecraft:wooden_axe":1,"minecraft:white_bed":1,"minecraft:stone_sword":1,"minecraft:iron_leggings":1,"minecraft:torch":48,"minecraft:shears":1},"minecraft:killed":{"minecraft:pig":2,"minecraft:spider":1,"minecraft:skeleton":1,"minecraft:zombie":4,"minecraft:chicken":3},"minecraft:picked_up":{"minecraft:cocoa_beans":24,"minecraft:iron_chestplate":1,"minecraft:crafting_table":9,"minecraft:feather":2,"minecraft:chicken":3,"minecraft:jungle_log":79,"minecraft:wooden_pickaxe":1,"minecraft:oak_log":15,"minecraft:danger_pottery_sherd":1,"minecraft:shield":1,"minecraft:lapis_lazuli":50,"minecraft:string":2,"minecraft:dirt":28,"minecraft:iron_leggings":1,"minecraft:bone":2,"minecraft:apple":1,"minecraft:wheat_seeds":13,"alexsmobs:banana":2,"minecraft:iron_ingot":2,"minecraft:jungle_sapling":16,"minecraft:iron_pickaxe":1,"minecraft:oak_planks":42,"minecraft:iron_boots":1,"minecraft:furnace":5,"minecraft:stick":36,"minecraft:raw_iron":47,"minecraft:sweet_berries":20,"minecraft:torch":35,"minecraft:porkchop":4,"minecraft:sand":2,"minecraft:jungle_planks":246,"minecraft:white_bed":1,"minecraft:spider_eye":2,"minecraft:brewer_pottery_sherd":1,"minecraft:stone_sword":1,"minecraft:arrow":2,"tfmg:fireclay_ball":8,"minecraft:stone_axe":1,"minecraft:iron_helmet":1,"minecraft:oak_sapling":44,"minecraft:white_wool":11,"minecraft:coal":99,"minecraft:cobblestone":181},"minecraft:broken":{"minecraft:stone_pickaxe":1},"minecraft:dropped":{"minecraft:brewer_pottery_sherd":1,"minecraft:jungle_sapling":8,"minecraft:wooden_pickaxe":1,"tfmg:fireclay_ball":4,"minecraft:danger_pottery_sherd":1},"minecraft:used":{"minecraft:stone_sword":44,"minecraft:stone_pickaxe":131,"minecraft:oak_planks":18,"minecraft:wooden_pickaxe":20,"minecraft:shield":2,"minecraft:iron_chestplate":1,"minecraft:torch":13,"minecraft:crafting_table":7,"minecraft:jungle_planks":10,"minecraft:white_bed":1,"minecraft:wooden_axe":3,"minecraft:apple":1,"minecraft:iron_pickaxe":87,"minecraft:stone_axe":19,"minecraft:cobblestone":1,"minecraft:sweet_berries":9,"minecraft:furnace":4,"alexsmobs:banana":2,"alexsmobs:animal_dictionary":1},"minecraft:custom":{"minecraft:interact_with_furnace":24,"minecraft:mob_kills":11,"minecraft:interact_with_crafting_table":20,"minecraft:leave_game":2,"minecraft:time_since_death":12972,"minecraft:sleep_in_bed":1,"minecraft:climb_one_cm":1917,"minecraft:time_since_rest":377,"minecraft:sprint_one_cm":58082,"minecraft:damage_taken":672,"minecraft:walk_one_cm":178093,"minecraft:damage_blocked_by_shield":80,"minecraft:drop":5,"minecraft:damage_dealt":1539,"minecraft:fly_one_cm":68189,"minecraft:crouch_one_cm":19214,"minecraft:play_time":42742,"minecraft:deaths":2,"minecraft:sneak_time":7340,"minecraft:jump":666,"minecraft:walk_on_water_one_cm":469,"minecraft:total_world_time":42742,"minecraft:fall_one_cm":19313},"minecraft:killed_by":{"alexsmobs:leafcutter_ant":1},"minecraft:mined":{"minecraft:white_bed":1,"minecraft:mossy_cobblestone":2,"minecraft:crafting_table":7,"minecraft:grass_block":4,"minecraft:decorated_pot":1,"minecraft:jungle_planks":4,"minecraft:jungle_log":1,"minecraft:dead_bush":2,"minecraft:tall_grass":32,"minecraft:lapis_ore":4,"minecraft:oak_planks":2,"minecraft:furnace":4,"minecraft:sweet_berry_bush":1,"minecraft:iron_ore":44,"minecraft:deepslate_iron_ore":2,"minecraft:grass":94,"minecraft:oak_log":1,"minecraft:coal_ore":67,"minecraft:vine":3,"minecraft:sand":2,"minecraft:dirt":10,"minecraft:stone":102,"minecraft:fern":33,"tfmg:fireclay":1}},"DataVersion":3465}