{"stats":{"minecraft:crafted":{"minecraft:oak_planks":24,"minecraft:cooked_porkchop":2,"minecraft:wooden_pickaxe":1,"minecraft:furnace":1,"minecraft:stone_axe":1,"minecraft:stick":6,"minecraft:iron_ingot":29,"minecraft:stone_pickaxe":1,"minecraft:wooden_axe":1,"minecraft:stone_sword":1,"minecraft:shears":1},"minecraft:killed":{"minecraft:pig":1,"minecraft:spider":1,"minecraft:sheep":2,"minecraft:zombie":6},"minecraft:picked_up":{"minecraft:wooden_axe":1,"minecraft:birch_log":42,"minecraft:crafting_table":4,"minecraft:wooden_pickaxe":1,"minecraft:birch_planks":96,"minecraft:oak_log":33,"minecraft:shield":1,"minecraft:bone":6,"minecraft:wheat_seeds":2,"minecraft:cobbled_deepslate":3,"minecraft:stone_pickaxe":3,"minecraft:oak_planks":717,"minecraft:birch_sapling":4,"minecraft:iron_sword":1,"minecraft:furnace":2,"minecraft:stick":50,"minecraft:raw_iron":13,"minecraft:cooked_porkchop":2,"minecraft:gravel":4,"minecraft:porkchop":6,"alexsmobs:animal_dictionary":1,"minecraft:stone_sword":3,"minecraft:arrow":1,"minecraft:rotten_flesh":10,"minecraft:stone_axe":1,"minecraft:oak_sapling":127,"minecraft:mutton":3,"minecraft:coal":63,"minecraft:white_wool":2,"minecraft:cobblestone":54},"minecraft:dropped":{"minecraft:iron_ingot":15,"minecraft:iron_sword":1,"minecraft:birch_planks":48,"minecraft:porkchop":2,"minecraft:stone_sword":1,"minecraft:rotten_flesh":4,"minecraft:oak_planks":128,"minecraft:bone":2},"minecraft:used":{"minecraft:stone_sword":69,"minecraft:stone_pickaxe":43,"minecraft:oak_planks":1,"minecraft:wooden_pickaxe":3,"minecraft:shield":5,"minecraft:crafting_table":1,"minecraft:stone_axe":3,"minecraft:oak_sapling":6,"minecraft:furnace":2,"minecraft:cooked_porkchop":4,"alexsmobs:animal_dictionary":2},"minecraft:custom":{"minecraft:interact_with_furnace":38,"minecraft:mob_kills":12,"minecraft:interact_with_crafting_table":9,"minecraft:leave_game":1,"minecraft:time_since_death":33646,"minecraft:time_since_rest":33695,"minecraft:sprint_one_cm":133677,"minecraft:damage_taken":698,"minecraft:walk_one_cm":181970,"minecraft:damage_blocked_by_shield":160,"minecraft:drop":10,"minecraft:damage_dealt":2129,"minecraft:fly_one_cm":74652,"minecraft:open_chest":1,"minecraft:crouch_one_cm":726,"minecraft:play_time":44750,"minecraft:deaths":1,"minecraft:sneak_time":210,"minecraft:walk_under_water_one_cm":89,"minecraft:jump":671,"minecraft:walk_on_water_one_cm":308,"minecraft:total_world_time":44750,"minecraft:fall_one_cm":17078},"minecraft:killed_by":{"minecraft:skeleton":1},"minecraft:mined":{"minecraft:oak_sapling":1,"minecraft:crafting_table":2,"minecraft:cobblestone":15,"minecraft:deepslate_coal_ore":2,"minecraft:oak_planks":1,"minecraft:furnace":2,"minecraft:iron_ore":9,"minecraft:cobbled_deepslate":3,"minecraft:grass":14,"minecraft:oak_log":6,"minecraft:coal_ore":2,"minecraft:deepslate_iron_ore":3,"minecraft:gravel":4,"minecraft:stone":10}},"DataVersion":3465}