{"stats":{"minecraft:crafted":{"minecraft:oak_planks":32,"minecraft:wooden_pickaxe":1,"minecraft:iron_sword":2,"minecraft:stone_axe":2,"minecraft:iron_chestplate":1,"minecraft:shield":1,"minecraft:iron_axe":1,"minecraft:stick":44,"minecraft:iron_ingot":17,"minecraft:iron_pickaxe":3,"minecraft:stone_pickaxe":2,"minecraft:iron_leggings":1,"minecraft:acacia_planks":4,"minecraft:torch":64},"minecraft:killed":{"alexsmobs:raccoon":1,"minecraft:zombie":5,"minecraft:chicken":1,"alexsmobs:fly":3},"minecraft:broken":{"minecraft:iron_pickaxe":1},"minecraft:picked_up":{"minecraft:birch_log":9,"minecraft:crafting_table":2,"minecraft:iron_chestplate":1,"minecraft:feather":1,"minecraft:chicken":1,"minecraft:stone_slab":6,"minecraft:wooden_pickaxe":4,"minecraft:tuff":1,"minecraft:oak_log":112,"minecraft:shield":2,"minecraft:dirt":14,"minecraft:string":6,"minecraft:bone":2,"minecraft:acacia_planks":8,"minecraft:oak_sign":2,"minecraft:apple":4,"minecraft:stonecutter":1,"minecraft:cobbled_deepslate":2,"minecraft:netherite_sword":1,"minecraft:spruce_wood":1,"minecraft:iron_ingot":28,"minecraft:stone_pickaxe":1,"minecraft:iron_pickaxe":6,"minecraft:oak_planks":61,"minecraft:iron_sword":4,"minecraft:furnace":2,"minecraft:stick":51,"minecraft:raw_iron":42,"create:large_water_wheel":1,"minecraft:dandelion":4,"minecraft:torch":59,"minecraft:acacia_log":1,"minecraft:dripstone_block":7,"minecraft:porkchop":2,"minecraft:pointed_dripstone":3,"minecraft:grass_block":1,"minecraft:spider_eye":1,"alexsmobs:animal_dictionary":6,"minecraft:rotten_flesh":13,"minecraft:stone_axe":1,"waystones:waystone":1,"minecraft:emerald":2,"alexsmobs:maggot":1,"minecraft:oak_sapling":48,"minecraft:coal":224,"minecraft:snowball":82,"minecraft:cobblestone":644},"minecraft:dropped":{"minecraft:iron_sword":1,"minecraft:rotten_flesh":1,"minecraft:iron_pickaxe":3},"minecraft:used":{"minecraft:stone_pickaxe":10,"minecraft:wooden_pickaxe":17,"minecraft:iron_sword":62,"minecraft:rotten_flesh":8,"minecraft:torch":12,"minecraft:crafting_table":1,"minecraft:snowball":41,"alexsmobs:maggot":1,"minecraft:apple":3,"minecraft:chicken":1,"minecraft:iron_axe":1,"minecraft:iron_pickaxe":462,"minecraft:stone_axe":2,"minecraft:cobblestone":9,"alexsmobs:animal_dictionary":2},"minecraft:custom":{"minecraft:interact_with_furnace":8,"minecraft:mob_kills":10,"minecraft:interact_with_crafting_table":19,"minecraft:leave_game":3,"minecraft:time_since_death":15411,"minecraft:time_since_rest":15456,"minecraft:sprint_one_cm":176652,"minecraft:damage_taken":2134,"minecraft:walk_one_cm":264125,"minecraft:drop":5,"minecraft:damage_dealt":1408,"minecraft:fly_one_cm":109640,"minecraft:open_chest":11,"minecraft:crouch_one_cm":627,"minecraft:play_time":96498,"minecraft:deaths":6,"minecraft:sneak_time":389,"minecraft:jump":1552,"minecraft:total_world_time":96498,"minecraft:fall_one_cm":41015},"minecraft:killed_by":{"minecraft:creeper":2,"minecraft:zombie":2},"minecraft:mined":{"minecraft:oak_sapling":4,"minecraft:powder_snow":4,"minecraft:crafting_table":2,"minecraft:stone_slab":3,"minecraft:cobblestone":32,"minecraft:tall_grass":2,"minecraft:deepslate_coal_ore":6,"minecraft:wall_torch":2,"minecraft:furnace":2,"minecraft:iron_ore":27,"minecraft:cobbled_deepslate":1,"minecraft:grass":1,"minecraft:oak_log":8,"minecraft:coal_ore":117,"minecraft:deepslate_iron_ore":11,"minecraft:dripstone_block":6,"minecraft:stonecutter":1,"minecraft:stone":264,"minecraft:deepslate_emerald_ore":1,"minecraft:oak_leaves":2}},"DataVersion":3465}