{
  "create:root": {
    "criteria": {
      "0": "2024-05-25 05:41:31 +0000"
    },
    "done": true
  },
  "minecraft:recipes/decorations/crafting_table": {
    "criteria": {
      "unlock_right_away": "2024-05-25 05:41:31 +0000"
    },
    "done": true
  },
  "alexsmobs:alexsmobs/root": {
    "criteria": {
      "useitem": "2024-05-25 05:42:51 +0000"
    },
    "done": true
  },
  "minecraft:husbandry/root": {
    "criteria": {
      "consumed_item": "2024-05-25 05:42:51 +0000"
    },
    "done": true
  },
  "minecraft:adventure/adventuring_time": {
    "criteria": {
      "minecraft:grove": "2024-05-25 05:43:09 +0000",
      "minecraft:old_growth_spruce_taiga": "2024-05-25 05:42:39 +0000"
    },
    "done": false
  },
  "DataVersion": 3465
}